{"mean":{"confidence_interval":{"confidence_level":0.95,"lower_bound":-0.1261276562284073,"upper_bound":-0.05485433746686935},"point_estimate":-0.08850837086478791,"standard_error":0.018202654082251156},"median":{"confidence_interval":{"confidence_level":0.95,"lower_bound":-0.05289365634975052,"upper_bound":-0.03334552614821151},"point_estimate":-0.04376938386753104,"standard_error":0.004500241042017155}}