{"mean":{"confidence_interval":{"confidence_level":0.95,"lower_bound":-0.044299424045149347,"upper_bound":-0.026887877298278212},"point_estimate":-0.03487790221884146,"standard_error":0.004441582435657596},"median":{"confidence_interval":{"confidence_level":0.95,"lower_bound":-0.03396540359170652,"upper_bound":-0.020323199977337225},"point_estimate":-0.027399340261243132,"standard_error":0.0034287325083665558}}