{"mean":{"confidence_interval":{"confidence_level":0.95,"lower_bound":3653681.320357143,"upper_bound":3678019.6230178587},"point_estimate":3665236.01,"standard_error":6202.637771742798},"median":{"confidence_interval":{"confidence_level":0.95,"lower_bound":3646977.6785714286,"upper_bound":3678065.5},"point_estimate":3664915.1785714286,"standard_error":7993.62791879263},"median_abs_dev":{"confidence_interval":{"confidence_level":0.95,"lower_bound":41770.82460841923,"upper_bound":61141.84046451589},"point_estimate":52766.845013200895,"standard_error":4626.181548181437},"slope":null,"std_dev":{"confidence_interval":{"confidence_level":0.95,"lower_bound":44343.5164115006,"upper_bound":82836.01845054145},"point_estimate":62218.60154584276,"standard_error":10495.333698854109}}