{"mean":{"confidence_interval":{"confidence_level":0.95,"lower_bound":2697344.6642105263,"upper_bound":2717378.004342106},"point_estimate":2704775.4984210525,"standard_error":5667.747843228862},"median":{"confidence_interval":{"confidence_level":0.95,"lower_bound":2696337.736842105,"upper_bound":2701842.1052631577},"point_estimate":2699223.6842105263,"standard_error":1517.7646371557944},"median_abs_dev":{"confidence_interval":{"confidence_level":0.95,"lower_bound":9046.786023598022,"upper_bound":16389.908614284097},"point_estimate":11727.482839163817,"standard_error":1911.777124732338},"slope":null,"std_dev":{"confidence_interval":{"confidence_level":0.95,"lower_bound":11036.73434593578,"upper_bound":96264.06126131162},"point_estimate":56952.2923029111,"standard_error":29746.885130852857}}