{"mean":{"confidence_interval":{"confidence_level":0.95,"lower_bound":2616293.659500001,"upper_bound":2621513.6045000004},"point_estimate":2618832.0615,"standard_error":1331.8481255264046},"median":{"confidence_interval":{"confidence_level":0.95,"lower_bound":2614929.2,"upper_bound":2620239.575},"point_estimate":2617176.05,"standard_error":1538.873820442798},"median_abs_dev":{"confidence_interval":{"confidence_level":0.95,"lower_bound":7541.244766116142,"upper_bound":14001.303501427174},"point_estimate":10005.993092358389,"standard_error":1698.0528852829648},"slope":null,"std_dev":{"confidence_interval":{"confidence_level":0.95,"lower_bound":10413.991814892188,"upper_bound":16586.178632186206},"point_estimate":13473.253872448839,"standard_error":1598.2118768645084}}