{"mean":{"confidence_interval":{"confidence_level":0.95,"lower_bound":-0.11193440294372745,"upper_bound":-0.07911020094945752},"point_estimate":-0.09509606064101228,"standard_error":0.00833115379690849},"median":{"confidence_interval":{"confidence_level":0.95,"lower_bound":-0.08177117214180317,"upper_bound":-0.0651140641800867},"point_estimate":-0.07640166777143875,"standard_error":0.005080371084337951}}