{"mean":{"confidence_interval":{"confidence_level":0.95,"lower_bound":-0.10192728807195049,"upper_bound":-0.04750895309497416},"point_estimate":-0.06991344701122792,"standard_error":0.014350040300541359},"median":{"confidence_interval":{"confidence_level":0.95,"lower_bound":-0.06043062473525407,"upper_bound":-0.03981614900041134},"point_estimate":-0.052105564009861216,"standard_error":0.005524804560924258}}