{"mean":{"confidence_interval":{"confidence_level":0.95,"lower_bound":-0.015530057964294318,"upper_bound":-0.00933720434151311},"point_estimate":-0.012698449402154255,"standard_error":0.0015734042855575553},"median":{"confidence_interval":{"confidence_level":0.95,"lower_bound":-0.0179074643760615,"upper_bound":-0.013478441108467187},"point_estimate":-0.015769150614660443,"standard_error":0.0010896047152836777}}