{"mean":{"confidence_interval":{"confidence_level":0.95,"lower_bound":-0.04896161214448283,"upper_bound":-0.014496063898999803},"point_estimate":-0.029222056896977322,"standard_error":0.008952877306521115},"median":{"confidence_interval":{"confidence_level":0.95,"lower_bound":-0.0154582051280312,"upper_bound":-0.01221728935073807},"point_estimate":-0.014113278467924095,"standard_error":0.0008575602802089519}}