{"mean":{"confidence_interval":{"confidence_level":0.95,"lower_bound":2704341.0163815785,"upper_bound":2925940.0980921057},"point_estimate":2799542.898947369,"standard_error":57220.685778468025},"median":{"confidence_interval":{"confidence_level":0.95,"lower_bound":2658903.4736842103,"upper_bound":2674651.3157894737},"point_estimate":2661596.5,"standard_error":3472.5919563773573},"median_abs_dev":{"confidence_interval":{"confidence_level":0.95,"lower_bound":25119.69135403633,"upper_bound":44955.94262292503},"point_estimate":36843.89686694263,"standard_error":5557.327740626237},"slope":null,"std_dev":{"confidence_interval":{"confidence_level":0.95,"lower_bound":171317.2871712222,"upper_bound":860780.2113361586},"point_estimate":576162.6513799502,"standard_error":178805.75041559496}}