{"mean":{"confidence_interval":{"confidence_level":0.95,"lower_bound":-0.04773941449382717,"upper_bound":0.008277215398206644},"point_estimate":-0.023086987398620917,"standard_error":0.014566664616262798},"median":{"confidence_interval":{"confidence_level":0.95,"lower_bound":-0.04006809741730148,"upper_bound":-0.03332902102096358},"point_estimate":-0.0364726159626364,"standard_error":0.0017324096205633213}}