{"mean":{"confidence_interval":{"confidence_level":0.95,"lower_bound":-0.11998479951913969,"upper_bound":-0.06859566419954186},"point_estimate":-0.09407829053314154,"standard_error":0.013072042490230222},"median":{"confidence_interval":{"confidence_level":0.95,"lower_bound":-0.10021332603672017,"upper_bound":-0.05316098958124105},"point_estimate":-0.07524566291074364,"standard_error":0.011268227763798988}}