{"mean":{"confidence_interval":{"confidence_level":0.95,"lower_bound":-0.03252650183445805,"upper_bound":0.003843214085328028},"point_estimate":-0.01278389961609605,"standard_error":0.00930595443032609},"median":{"confidence_interval":{"confidence_level":0.95,"lower_bound":-0.011366194236647753,"upper_bound":0.003742714451438589},"point_estimate":-0.0039847012181550845,"standard_error":0.003879845014687799}}