{"mean":{"confidence_interval":{"confidence_level":0.95,"lower_bound":-0.7297518583051641,"upper_bound":-0.7240644458419463},"point_estimate":-0.7270052176762671,"standard_error":0.0014601121933203102},"median":{"confidence_interval":{"confidence_level":0.95,"lower_bound":-0.7286831331653918,"upper_bound":-0.7244963769741384},"point_estimate":-0.7259126750968163,"standard_error":0.0010477272992064847}}