{"mean":{"confidence_interval":{"confidence_level":0.95,"lower_bound":262951752.97,"upper_bound":266836433.73024997},"point_estimate":264755896.72,"standard_error":995565.7275235823},"median":{"confidence_interval":{"confidence_level":0.95,"lower_bound":261218584.0,"upper_bound":261995995.97499993},"point_estimate":261647729.0,"standard_error":213068.61395714933},"median_abs_dev":{"confidence_interval":{"confidence_level":0.95,"lower_bound":1256534.6122920513,"upper_bound":2870714.592334628},"point_estimate":2184147.748723626,"standard_error":427986.1177721851},"slope":null,"std_dev":{"confidence_interval":{"confidence_level":0.95,"lower_bound":6053070.520340213,"upper_bound":13108456.28064431},"point_estimate":9971266.291995931,"standard_error":1798879.9265287286}}