{"mean":{"confidence_interval":{"confidence_level":0.95,"lower_bound":260648660.6065,"upper_bound":274702429.61},"point_estimate":266662146.27,"standard_error":3623195.4067928945},"median":{"confidence_interval":{"confidence_level":0.95,"lower_bound":256616187.5,"upper_bound":257755208.0},"point_estimate":257090625.0,"standard_error":325344.66663413687},"median_abs_dev":{"confidence_interval":{"confidence_level":0.95,"lower_bound":1582490.1469051838,"upper_bound":3069537.9205048084},"point_estimate":2147947.846466303,"standard_error":391033.35801756073},"slope":null,"std_dev":{"confidence_interval":{"confidence_level":0.95,"lower_bound":12523510.02107945,"upper_bound":55994328.75044302},"point_estimate":36498936.395197466,"standard_error":11517395.497768298}}