{"mean":{"confidence_interval":{"confidence_level":0.95,"lower_bound":261207499.11,"upper_bound":269075868.72},"point_estimate":264789539.52,"standard_error":2019522.5388633746},"median":{"confidence_interval":{"confidence_level":0.95,"lower_bound":258305959.0,"upper_bound":259485791.0},"point_estimate":258949979.5,"standard_error":291394.2718909879},"median_abs_dev":{"confidence_interval":{"confidence_level":0.95,"lower_bound":1460144.514477253,"upper_bound":2727614.0428751707},"point_estimate":2033076.7418056726,"standard_error":319875.1747123548},"slope":null,"std_dev":{"confidence_interval":{"confidence_level":0.95,"lower_bound":10460255.152032783,"upper_bound":27869995.87249766},"point_estimate":20403444.226963308,"standard_error":4405117.99600316}}