{"mean":{"confidence_interval":{"confidence_level":0.95,"lower_bound":263220739.77675,"upper_bound":268355519.38349998},"point_estimate":265613455.51,"standard_error":1310035.4851155947},"median":{"confidence_interval":{"confidence_level":0.95,"lower_bound":259777416.0,"upper_bound":262300687.5},"point_estimate":260666500.0,"standard_error":653503.2396330377},"median_abs_dev":{"confidence_interval":{"confidence_level":0.95,"lower_bound":2654286.872076988,"upper_bound":5344094.615623355},"point_estimate":4014787.324923277,"standard_error":729089.7143903493},"slope":null,"std_dev":{"confidence_interval":{"confidence_level":0.95,"lower_bound":8693889.88058431,"upper_bound":17183344.20875114},"point_estimate":13109660.49197632,"standard_error":2182335.2165124905}}