{"mean":{"confidence_interval":{"confidence_level":0.95,"lower_bound":2753966.151789475,"upper_bound":2955424.5592368427},"point_estimate":2826448.3778947378,"standard_error":59258.0049236158},"median":{"confidence_interval":{"confidence_level":0.95,"lower_bound":2727232.4736842103,"upper_bound":2751929.8421052634},"point_estimate":2737580.0526315793,"standard_error":5949.582229000456},"median_abs_dev":{"confidence_interval":{"confidence_level":0.95,"lower_bound":32709.858017705217,"upper_bound":58604.955985737965},"point_estimate":42327.25385380451,"standard_error":6562.7498275926155},"slope":null,"std_dev":{"confidence_interval":{"confidence_level":0.95,"lower_bound":71294.70467571018,"upper_bound":1015104.1688255845},"point_estimate":596342.8294529039,"standard_error":331764.7983095281}}