{"mean":{"confidence_interval":{"confidence_level":0.95,"lower_bound":2700527.4268552624,"upper_bound":2706886.6647894736},"point_estimate":2703675.854210526,"standard_error":1622.2740831252736},"median":{"confidence_interval":{"confidence_level":0.95,"lower_bound":2697515.3157894737,"upper_bound":2707937.5263157897},"point_estimate":2703981.342105263,"standard_error":2606.301339123635},"median_abs_dev":{"confidence_interval":{"confidence_level":0.95,"lower_bound":12823.20225129043,"upper_bound":18903.149664402008},"point_estimate":14975.58627097252,"standard_error":1529.5823441946047},"slope":null,"std_dev":{"confidence_interval":{"confidence_level":0.95,"lower_bound":13393.518218481424,"upper_bound":19119.542004686482},"point_estimate":16272.635546361733,"standard_error":1470.401403468822}}