{"mean":{"confidence_interval":{"confidence_level":0.95,"lower_bound":2736952.956930556,"upper_bound":2744724.1700000013},"point_estimate":2740765.1388888895,"standard_error":1985.9383307795783},"median":{"confidence_interval":{"confidence_level":0.95,"lower_bound":2737122.6666666665,"upper_bound":2745349.5555555555},"point_estimate":2740785.9166666665,"standard_error":2215.2738423610504},"median_abs_dev":{"confidence_interval":{"confidence_level":0.95,"lower_bound":12528.299244244932,"upper_bound":22776.071445643902},"point_estimate":17127.11844593275,"standard_error":2647.956796603607},"slope":null,"std_dev":{"confidence_interval":{"confidence_level":0.95,"lower_bound":15988.536754838959,"upper_bound":24521.556363428008},"point_estimate":20044.284745098917,"standard_error":2232.5677987724634}}