{"mean":{"confidence_interval":{"confidence_level":0.95,"lower_bound":144628750.14775002,"upper_bound":147144970.82},"point_estimate":145558317.89,"standard_error":699184.3993301551},"median":{"confidence_interval":{"confidence_level":0.95,"lower_bound":144356917.0,"upper_bound":144806375.0},"point_estimate":144509562.5,"standard_error":114360.00901349222},"median_abs_dev":{"confidence_interval":{"confidence_level":0.95,"lower_bound":705990.9603736553,"upper_bound":1214620.028436184},"point_estimate":947412.5177800655,"standard_error":126617.7446434491},"slope":null,"std_dev":{"confidence_interval":{"confidence_level":0.95,"lower_bound":944955.4222325844,"upper_bound":11795199.499263072},"point_estimate":6999426.518292624,"standard_error":3554562.560275481}}