{"mean":{"confidence_interval":{"confidence_level":0.95,"lower_bound":147327303.2875,"upper_bound":162958574.49199995},"point_estimate":153348333.74,"standard_error":4166279.513100431},"median":{"confidence_interval":{"confidence_level":0.95,"lower_bound":145447167.0,"upper_bound":146076292.0},"point_estimate":145726937.5,"standard_error":155273.53051024437},"median_abs_dev":{"confidence_interval":{"confidence_level":0.95,"lower_bound":1003935.9004765749,"upper_bound":1700325.7102131844},"point_estimate":1311606.5296143293,"standard_error":175991.2136372762},"slope":null,"std_dev":{"confidence_interval":{"confidence_level":0.95,"lower_bound":6593774.496436152,"upper_bound":69353615.14241925},"point_estimate":41842444.731702246,"standard_error":19111611.934358772}}