{"mean":{"confidence_interval":{"confidence_level":0.95,"lower_bound":2713258.6032236824,"upper_bound":2721702.2251842106},"point_estimate":2717278.331578948,"standard_error":2152.714187696919},"median":{"confidence_interval":{"confidence_level":0.95,"lower_bound":2712148.0,"upper_bound":2717766.4473684207},"point_estimate":2714318.0,"standard_error":1465.1288991871388},"median_abs_dev":{"confidence_interval":{"confidence_level":0.95,"lower_bound":10283.898654266626,"upper_bound":18974.665605237464},"point_estimate":14850.345588985061,"standard_error":2248.6968524721683},"slope":null,"std_dev":{"confidence_interval":{"confidence_level":0.95,"lower_bound":15442.714811318123,"upper_bound":27863.426898515638},"point_estimate":21545.16694985025,"standard_error":3247.979015201423}}