{"mean":{"confidence_interval":{"confidence_level":0.95,"lower_bound":-0.06099328650866057,"upper_bound":-0.02282207480816187},"point_estimate":-0.039288442237709664,"standard_error":0.009916237300842016},"median":{"confidence_interval":{"confidence_level":0.95,"lower_bound":-0.025425758980572644,"upper_bound":-0.019598158373213548},"point_estimate":-0.02294694643975015,"standard_error":0.0014011986150630697}}