{"mean":{"confidence_interval":{"confidence_level":0.95,"lower_bound":-0.027157807318893,"upper_bound":-0.006018595546588264},"point_estimate":-0.015180244289972555,"standard_error":0.005429309886774878},"median":{"confidence_interval":{"confidence_level":0.95,"lower_bound":-0.004545679771473132,"upper_bound":-0.00007797364345174529},"point_estimate":-0.0020746021357248567,"standard_error":0.0011613799214385708}}