{"mean":{"confidence_interval":{"confidence_level":0.95,"lower_bound":-0.03214961578154698,"upper_bound":-0.02633525866249353},"point_estimate":-0.02915691347244409,"standard_error":0.0014796855108688384},"median":{"confidence_interval":{"confidence_level":0.95,"lower_bound":-0.03200524413934713,"upper_bound":-0.02369070260204255},"point_estimate":-0.026702975351986624,"standard_error":0.002284485018390852}}