{"mean":{"confidence_interval":{"confidence_level":0.95,"lower_bound":0.004746251532300669,"upper_bound":0.08784659618399782},"point_estimate":0.03548138614109364,"standard_error":0.022797389576947},"median":{"confidence_interval":{"confidence_level":0.95,"lower_bound":0.003936446091533782,"upper_bound":0.013696622982161788},"point_estimate":0.00840881242006164,"standard_error":0.0024782838725292953}}